embedded_machine_dim_0,core,Basic_DAXPY,Basic_DAXPY_ATOMIC,Basic_IF_QUAD,Basic_INDEXLIST,Basic_INDEXLIST_3LOOP,Basic_INIT3,Basic_INIT_VIEW1D,Basic_INIT_VIEW1D_OFFSET,Basic_MAT_MAT_SHARED,Basic_MULADDSUB,Basic_NESTED_INIT,Basic_PI_ATOMIC,Basic_PI_REDUCE,Basic_REDUCE3_INT,Basic_REDUCE_STRUCT,Basic_TRAP_INT,Lcals_DIFF_PREDICT,Lcals_EOS,Lcals_FIRST_DIFF,Lcals_FIRST_MIN,Lcals_FIRST_SUM,Lcals_GEN_LIN_RECUR,Lcals_HYDRO_1D,Lcals_HYDRO_2D,Lcals_INT_PREDICT,Lcals_PLANCKIAN,Lcals_TRIDIAG_ELIM,Polybench_2MM,Polybench_3MM,Polybench_ADI,Polybench_ATAX,Polybench_FDTD_2D,Polybench_FLOYD_WARSHALL,Polybench_GEMM,Polybench_GEMVER,Polybench_GESUMMV,Polybench_HEAT_3D,Polybench_JACOBI_1D,Polybench_JACOBI_2D,Polybench_MVT,Stream_ADD,Stream_COPY,Stream_DOT,Stream_MUL,Stream_TRIAD,Apps_CONVECTION3DPA,Apps_DEL_DOT_VEC_2D,Apps_DIFFUSION3DPA,Apps_ENERGY,Apps_FIR,Apps_HALOEXCHANGE,Apps_HALOEXCHANGE_FUSED,Apps_LTIMES,Apps_LTIMES_NOVIEW,Apps_MASS3DPA,Apps_NODAL_ACCUMULATION_3D,Apps_PRESSURE,Apps_VOL3D,Algorithm_SCAN,Algorithm_SORT,Algorithm_SORTPAIRS,Algorithm_REDUCE_SUM,Algorithm_MEMSET,Algorithm_MEMCPY
0.44672376,0.7766553,-0.529974,-0.5266916,-0.5091052,-0.5378717,-0.5469776,-0.5423544,-0.53032917,-0.50276333,-0.46183,-0.54595757,-0.51890814,-0.026985968,-0.46896982,-0.023506988,-0.5028007,-0.4948116,-0.31169388,-0.52402765,-0.5179002,-0.4383493,-0.51559365,-0.27398056,-0.5061492,-0.3798269,-0.3878187,-0.3774057,-0.5026762,-0.2287897,-0.2205712,-0.56536955,-0.29060417,-0.5137616,-0.50052613,-0.2073379,-0.31373203,-0.58017856,-0.523307,-0.5068253,-0.5042083,-0.31289223,-0.50262505,-0.5173504,-0.4928727,-0.51949763,-0.5015458,-0.5654097,-0.48614487,-0.5564415,-0.46439546,-0.53218514,0.93838376,0.77610946,-0.5074484,-0.49965897,-0.5537,-0.50898975,-0.5202098,-0.49522874,-0.5960942,,,-0.374407,-0.49495777,-0.51847875
0.44672376,0.049686812,-0.42508304,0.010632883,-0.43985176,-0.45604092,-0.50891507,-0.4885434,-0.49637377,-0.4851745,-0.39467245,-0.48981705,-0.5005457,-0.050624397,-0.44266057,-0.42361066,-0.5258544,-0.45646688,-0.34781685,-0.47626746,-0.41113064,-0.45704764,-0.41307428,-0.22895738,-0.44356734,-0.3787113,-0.40502104,-0.35872972,-0.4552846,-0.061200503,-0.054780032,-0.4965313,-0.124660544,-0.4490631,-0.43497154,-0.036482885,-0.21454404,-0.52909124,-0.38776028,-0.41544715,-0.41361508,-0.1429251,-0.43899462,-0.41276428,-0.4161315,-0.4152383,-0.43749914,-0.50432616,-0.38665774,-0.48501626,-0.43705988,-0.40944955,0.3715599,0.035348255,-0.4219031,-0.40623653,-0.48724592,0.03697268,-0.4645008,-0.34927452,-0.51357055,,,-0.3781843,-0.4656145,-0.41807994
0.44672376,-0.03108747,-0.3992199,0.14257641,-0.41905412,-0.4368849,-0.4996309,-0.4414972,-0.49153,-0.48451063,-0.40176538,-0.44240475,-0.4958385,-0.06619674,-0.43334335,-0.533856,-0.53890514,-0.44830844,-0.36559045,-0.44658303,-0.3861591,-0.46059725,-0.38787958,-0.40872458,-0.42083305,-0.37619805,-0.36475018,-0.34528217,-0.4246363,-0.02514053,-0.019880425,-0.4740102,-0.07848398,-0.42771807,-0.41653576,0.0022983567,-0.18141533,-0.49382806,-0.3570852,-0.3896121,-0.3957422,-0.104689375,-0.41831392,-0.38664007,-0.3960201,-0.38899603,-0.4158918,-0.4863214,-0.36051336,-0.46541065,-0.40100256,-0.37923986,0.09703852,-0.032351017,-0.40329367,-0.38586178,-0.47042093,0.17227717,-0.4295722,-0.33943996,-0.4976134,,,-0.38235506,-0.46908414,-0.39857835
0.44672376,-0.31379744,-0.43846813,-0.03795085,-0.44196925,-0.3748626,-0.50616395,-0.46004236,-0.5184562,-0.48033145,-0.4040409,-0.481664,-0.5077402,-0.14689657,-0.4451241,-0.619327,-0.56836694,-0.45430642,-0.29185078,-0.47483152,-0.4251401,-0.36171123,-0.42680046,-0.21979743,-0.4485588,-0.3754048,-0.38549024,-0.35048246,-0.4585139,-0.30235642,-0.3005597,-0.39500067,-0.32878396,-0.4552256,-0.44078594,-0.31528246,-0.32538256,-0.49165177,-0.43106425,-0.4264866,-0.42261258,-0.3544726,-0.4455271,-0.421882,-0.4264722,-0.4251601,-0.4444492,-0.48581368,-0.3622304,-0.46287304,-0.43541518,-0.41199595,-0.2590632,-0.24354093,-0.341036,-0.3445191,-0.47718853,-0.09087577,-0.45879284,-0.36121538,-0.39194223,,,-0.35607132,-0.46323532,-0.42830536
0.44672376,-0.3541846,-0.40980154,0.090118706,-0.41943637,-0.34382817,-0.49471304,-0.4309221,-0.5074651,-0.4920753,-0.35837626,-0.43146515,-0.4860448,-0.14772026,-0.44395548,-0.6205657,-0.5550818,-0.44761345,-0.34889054,-0.44239637,-0.39769143,-0.3354106,-0.3991325,-0.23270062,-0.42124397,-0.3709122,-0.36702463,-0.34374812,-0.42723525,-0.29558784,-0.29235464,-0.3598495,-0.3237996,-0.4316428,-0.41695833,-0.30619484,-0.3364783,-0.47402018,-0.40343377,-0.39930615,-0.39691183,-0.34798104,-0.42147267,-0.39347836,-0.40315157,-0.3971661,-0.42037818,-0.45972428,-0.33787084,-0.44373643,-0.39948976,-0.38040605,-0.30495083,-0.27592662,-0.31460345,-0.31714308,-0.4594048,0.029797526,-0.42786887,-0.33600172,-0.35408202,,,-0.35009056,-0.48672977,-0.40392834
0.44672376,-0.5157331,-0.07862877,1.2088413,-0.18699053,-0.05531631,-0.36135966,-0.015850125,-0.32597992,-0.2952593,-0.16626966,-0.025101896,-0.29886973,-0.16503239,-0.3672386,-0.6168496,-0.29422346,-0.3510567,-0.15735944,-0.05171356,-0.023147024,-0.04395125,-0.02083335,-0.24999273,-0.029224453,-0.15150155,-0.15145057,-0.24231806,-0.056149248,-0.19734783,-0.20036806,-0.10563068,-0.22560622,-0.06658692,-0.04087594,-0.23547484,-0.38082162,-0.23603067,-0.17155112,-0.069672644,-0.06163536,-0.22296476,-0.043048207,-0.02561096,-0.17175657,-0.037898142,-0.03680094,-0.24758537,-0.07722311,-0.24066207,-0.08027287,-0.08078178,-0.5010002,-0.35684758,-0.03458927,-0.0405606,-0.25968552,1.1173033,-0.081337094,-0.08127107,0.052175418,,,-0.25951388,-0.1847716,-0.07028686
0.44672376,-0.59650743,0.42381057,3.4850304,0.11222407,0.5077116,-0.11473794,0.3188205,0.033648234,0.050958786,0.24467713,0.2888356,0.031368207,-0.1618207,-0.1942545,-0.26381692,0.18036991,-0.14354499,0.1413749,0.332577,0.5240197,0.570858,0.5305039,0.19696273,0.38601926,0.28613862,0.23660463,-0.13095187,0.3097882,0.0045353016,-0.016285619,0.44660935,0.09886324,0.3225431,0.47610432,-0.09649959,-0.06760475,0.2896709,0.29272288,0.4566091,0.46814403,0.07792555,0.37887534,0.5420631,0.20286033,0.500256,0.37387887,0.10607932,0.42682722,0.16263919,0.34714127,0.5020961,-0.40259513,-0.33690554,0.5242544,0.5156481,0.1178523,3.2910466,0.3008883,0.45001474,0.8209395,,,-0.030593293,0.36888447,0.4821437
1.2152075,0.29200965,-0.4370206,-0.35723576,-0.18526033,-0.50758964,-0.4446612,0.0036569957,-0.40946326,-0.37132484,-0.38783097,0.020813903,-0.35879484,-0.11902489,-0.18866418,-0.4133913,-0.5145229,-0.23023608,0.30317086,-0.32705432,-0.43093413,-0.45288312,-0.43118367,0.31484628,-0.45259413,-0.1718921,-0.05237725,-0.14288647,-0.3569129,-0.005446261,-2.8146591e-05,-0.4491564,-0.06995855,-0.4267729,-0.41668525,0.012914044,-0.06483082,-0.50611115,-0.36763254,-0.43189657,-0.3981664,-0.09309915,-0.45294324,-0.4343148,-0.4508335,-0.43347308,-0.4501285,-0.46938413,-0.38052145,-0.45075458,0.0059775845,-0.37881178,0.5138745,-0.014818139,-0.45901293,-0.4605542,-0.43376312,-0.30056825,-0.2260344,-0.38901028,-0.5356672,,,-0.35929775,-0.38789448,-0.43576947
1.2152075,-0.19263603,-0.30628484,0.32113814,-0.074829064,-0.40985876,-0.31590393,0.040212113,-0.23967357,-0.20903978,-0.20346709,0.054369833,-0.16736653,-0.15696676,0.14110157,-0.5363334,-0.48107556,0.085375085,0.34160873,-0.27354327,-0.31038678,-0.3715216,-0.31035468,0.3022845,-0.3308152,-0.13890257,-0.04371606,0.11504456,-0.29347876,0.37308028,0.3843079,-0.2941145,0.2679955,-0.3282009,-0.29943848,0.39626908,0.44109526,-0.43056828,-0.20805912,-0.31004506,-0.23906867,0.26504588,-0.33144525,-0.3047442,-0.3745595,-0.31416467,-0.34494177,-0.33652878,-0.17975876,-0.31510648,0.0903223,-0.104577534,-0.08696839,-0.22671121,-0.3273804,-0.3308221,-0.2534255,0.4492965,-0.21183838,-0.18665834,-0.377838,,,-0.3241216,-0.25783238,-0.32298803
1.2152075,-0.3541846,-0.16974068,1.0568101,0.19784905,-0.308579,-0.1823273,0.3135086,-0.05302318,-0.03090273,-0.058531314,0.29512355,-0.0149265425,-0.14824411,0.4732677,-0.5205398,-0.417463,0.40193805,0.13350515,0.021070467,-0.16743852,-0.2662351,-0.17161654,-0.22529377,-0.14861697,0.053700905,0.13975623,0.38905492,0.079102136,0.75839067,0.7614693,-0.094639815,0.592423,-0.1602389,-0.15707476,0.77726215,0.5399662,-0.33163962,-0.046784736,-0.16244742,-0.062773526,0.6160201,-0.14930452,-0.17672709,-0.30057257,-0.17917895,-0.14591654,-0.17936763,0.02972111,-0.16909443,0.18080522,0.1752809,-0.17709157,-0.29808766,-0.19608113,-0.20056273,-0.05521015,1.191733,0.08938094,-0.0027881577,-0.26165777,,,-0.29099146,-0.09822876,-0.19993804
1.2152075,-0.43495888,-0.2941183,0.2562511,-0.039093316,-0.3004758,-0.20033099,0.033772398,-0.25464973,-0.22363262,-0.17431362,0.029065466,-0.19708347,-0.17108026,0.12568872,-0.56699145,-0.47193223,0.076838925,0.46776545,-0.26800615,-0.30206886,-0.32688594,-0.30653697,0.27003008,-0.30703783,-0.14414565,0.008600645,0.32095873,-0.2789593,0.37181282,0.37713978,-0.18971182,0.24249476,-0.30639896,-0.2962074,0.39896154,0.23372382,-0.40500617,-0.19266914,-0.2829104,-0.21683203,0.2571614,-0.3150194,-0.31646097,-0.37275353,-0.31688967,-0.30563515,-0.3075623,-0.120787546,-0.25990757,0.014606699,-0.06280949,-0.34575188,-0.32223716,-0.240705,-0.2461535,-0.23658171,0.3181942,-0.1713958,-0.19468345,-0.33735052,,,-0.3261676,-0.2712153,-0.3244118
1.2152075,-0.5157331,-0.096438885,0.93155026,0.23424368,-0.11412929,0.010000986,0.5011184,-0.059016213,-0.041473173,0.04317717,0.50436753,-0.009137367,-0.16246758,0.47235176,-0.40874612,-0.344629,0.4038417,0.26101398,0.3149003,-0.097106054,-0.18112832,-0.10221997,0.07733671,0.12512422,0.13848653,0.13016336,0.69023484,0.33038238,0.74734515,0.75566965,0.032143876,0.61194086,0.10327799,-0.07460718,0.7904779,0.6072936,-0.24658011,0.051415198,-0.078076474,0.00971023,0.62871945,0.10656212,-0.11410725,-0.2455622,-0.11118716,0.11157458,-0.093132086,0.118217185,-0.094616525,0.27395305,0.24251276,-0.47734997,-0.32913044,-0.06481218,-0.0746683,-0.026372675,1.0081547,0.2991754,0.017335268,-0.13513443,,,-0.273364,-0.06482104,-0.13504773
1.2152075,-0.59650743,0.7306593,2.9597805,1.015989,0.37730166,0.64331466,1.0323684,0.5106431,0.49059117,0.5849212,1.0233644,0.57486045,-0.17666556,1.3986079,-0.07646189,0.18584028,1.3035979,0.9692255,0.9312182,0.7100233,0.28398243,0.69410235,0.59317404,1.1100894,0.7668188,0.71093863,1.7460674,1.027207,1.8646573,1.8833665,0.59026814,1.6742872,0.99059165,0.75192285,1.9258839,1.5876814,0.34876254,0.83536035,0.7538273,0.8022833,1.7121652,1.1095786,0.7121505,0.22123547,0.7157424,1.1156034,0.44771478,0.8169546,0.42685026,0.830766,1.1458067,-0.5429317,-0.3483924,0.4511528,0.43523064,0.5858315,3.0364456,0.9498513,0.6251474,0.5198278,,,-0.12636378,0.4492811,0.6445852
0.74751973,0.7766553,-0.35383344,-0.58958054,-0.43862453,-0.5233699,-0.45383376,-0.55361503,-0.3932273,-0.3772776,-0.47964072,-0.5504376,-0.41967136,-0.15278167,-0.4324906,-0.020719888,-0.46919703,-0.44415367,0.24444859,-0.53417546,-0.43792886,-0.433514,-0.43904355,-0.10819567,-0.48947313,-0.089259624,-0.17419052,-0.37033358,-0.5210289,-0.27808157,-0.27313334,-0.5504839,-0.33601713,-0.47932166,-0.44572175,-0.26337704,-0.23990573,-0.52901745,-0.45864427,-0.44634604,-0.46694565,-0.33929697,-0.48538554,-0.43334356,-0.43533814,-0.41608337,-0.48212978,-0.54752207,-0.4813972,-0.5439504,-0.3149598,-0.54448897,1.0875022,0.18994536,-0.4910901,-0.4927056,-0.5247121,-0.5569187,-0.53419906,-0.49470988,-0.4965625,,,-0.29618526,-0.16742338,-0.38541907
0.74751973,0.049686812,-0.37457526,-0.120743826,-0.29658183,-0.46775958,-0.38084722,-0.48493212,-0.37962666,-0.35115403,-0.4191529,-0.48012617,-0.34733465,-0.15332642,-0.36625952,-0.51837206,-0.43199855,-0.35025597,0.22249822,-0.4962602,-0.3875714,-0.46065316,-0.359085,-0.12046024,-0.4497204,-0.0975196,-0.20883827,-0.33931488,-0.4851669,-0.16227533,-0.16329159,-0.47649696,-0.2115846,-0.44050318,-0.388294,-0.14723614,-0.18296081,-0.52923876,-0.33047992,-0.38646606,-0.37695247,-0.19809048,-0.444558,-0.39168206,-0.44146377,-0.36958846,-0.4426572,-0.4924792,-0.37677327,-0.46553627,-0.2988972,-0.44383678,0.38975406,-0.13499501,-0.39241344,-0.3947954,-0.44622678,-0.05878503,-0.48158664,-0.37750566,-0.4465616,,,-0.2953983,-0.19527966,-0.30866385
0.74751973,-0.03108747,-0.30382955,-0.0041249255,-0.25973454,-0.4448283,-0.36244303,-0.47942784,-0.35581908,-0.32271305,-0.41007075,-0.48097768,-0.33279642,-0.13906316,-0.3549841,-0.54593337,-0.46958777,-0.32830366,0.19840051,-0.48914462,-0.3441173,-0.47255972,-0.37315443,-0.41824362,-0.43798846,-0.12363421,-0.16202314,-0.33288315,-0.47062984,-0.14586188,-0.15037814,-0.45312825,-0.17822972,-0.42678228,-0.3667248,-0.13751294,-0.16231482,-0.52208287,-0.2847527,-0.36624837,-0.3604391,-0.15852204,-0.43422154,-0.34571442,-0.40224338,-0.35562596,-0.4316357,-0.48055413,-0.3499221,-0.44155475,-0.20542099,-0.4209784,0.20731224,-0.17617595,-0.37010756,-0.3730036,-0.42650676,0.07334904,-0.45202246,-0.35299668,-0.4381267,,,-0.3008282,-0.09099207,-0.34296423
0.74751973,-0.31379744,-0.32121822,-0.23272619,-0.29012376,-0.39793372,-0.3037439,-0.4221648,-0.37547705,-0.32824692,-0.4022185,-0.41561338,-0.33318818,-0.19101962,-0.3771875,-0.5248753,-0.4409856,-0.35524166,0.27102405,-0.4798021,-0.39340997,-0.3957819,-0.3955304,-0.12943622,-0.45258096,-0.10982897,-0.17991564,-0.3072758,-0.48471087,-0.27984205,-0.26468548,-0.3775792,-0.31358755,-0.45041513,-0.38968998,-0.23510791,-0.26792246,-0.4760858,-0.34768733,-0.40176803,-0.38434148,-0.3111726,-0.44655845,-0.39650354,-0.430886,-0.39336443,-0.44588846,-0.4645412,-0.36610705,-0.39813095,-0.28922543,-0.4041206,-0.11022739,-0.28143084,-0.29576978,-0.2987426,-0.44297457,-0.15481806,-0.46433225,-0.37588462,-0.4002665,,,-0.30011994,-0.15840231,-0.3499969
0.74751973,-0.3541846,-0.32987592,-0.12648955,-0.25926676,-0.36592716,-0.2749984,-0.4835367,-0.35115525,-0.30272353,-0.3923646,-0.48567382,-0.3023706,-0.18767054,-0.35899526,-0.52332693,-0.45395815,-0.3299807,0.14670792,-0.4779172,-0.3271919,-0.37319857,-0.3446129,-0.20257078,-0.4369243,-0.133521,-0.16956662,-0.31592417,-0.46976882,-0.29642707,-0.2877461,-0.33638975,-0.28226334,-0.43634683,-0.36768594,-0.278433,-0.23594296,-0.4299781,-0.3193345,-0.3722765,-0.3559494,-0.27355593,-0.43149298,-0.37576076,-0.42277312,-0.3398082,-0.43057245,-0.45115802,-0.33697844,-0.36430058,-0.21229172,-0.374804,-0.18759072,-0.31027767,-0.26215342,-0.2654078,-0.42346135,-0.04304975,-0.4622456,-0.34680942,-0.3694031,,,-0.29508352,-0.08246666,-0.2983953
0.74751973,-0.5157331,-0.14834839,0.83522695,0.25005192,-0.14533685,-0.024089158,0.53717375,-0.1157379,-0.055019997,-0.21065462,0.5415393,-0.026666567,-0.1755938,-0.19747604,-0.6255206,-0.41394633,-0.11147019,0.454591,0.20090157,-0.15235534,-0.15678415,-0.15667355,-0.16867648,-0.1063145,0.12832525,0.1687644,-0.092291065,0.2202821,-0.19549976,-0.19091986,-0.12896436,-0.16388084,-0.14872763,-0.11233178,-0.18436846,-0.27794826,-0.38612047,-0.10639517,-0.15668057,-0.10622981,-0.15400805,-0.08253609,-0.15693323,-0.30713576,-0.14063975,-0.07708782,-0.1424988,-0.0445462,-0.049982544,0.33964464,-0.09034732,-0.5804069,-0.36686474,0.065872,0.057517402,-0.22955093,0.98034966,0.24145299,-0.07427588,-0.10291592,,,-0.31963602,-0.07364385,-0.19614127
0.74751973,-0.59650743,0.25402817,2.5894814,0.83946794,0.2965162,0.5173939,0.9459055,0.37229946,0.4436305,0.13432218,0.93196815,0.5192197,-0.18288805,0.115234494,-0.32110733,-0.101432115,0.30494314,0.8330895,0.6894528,0.24568595,0.3076558,0.23823209,0.31613588,0.36900082,0.61304474,0.55831087,0.081865504,0.7153363,-0.023531526,-0.018835094,0.3620799,0.1648765,0.29101387,0.23057345,0.0033199044,0.12542148,-0.1303887,0.38042206,0.24105762,0.3537209,0.16169678,0.30173936,0.22712304,-0.11205521,0.23143272,0.2973662,0.28757232,0.46537626,0.46423995,0.7992092,0.42655343,-0.5486703,-0.34393135,0.6750054,0.6348858,0.14165168,2.853924,0.6693789,0.42296582,0.47624293,,,-0.18184298,0.5165922,0.18017076
1.6070215,1.5843982,-0.5096719,-0.7874265,-0.543493,-0.55784005,-0.5065973,-0.5962207,-0.49302632,-0.45044515,-0.5254,-0.59982306,-0.45576197,-0.12982744,-0.46795914,0.88570696,-0.25749385,-0.51043355,-0.52083814,-0.5735979,-0.49897885,-0.2927873,-0.4991676,-0.29770303,-0.54991615,-0.5240365,-0.4934558,-0.33626086,-0.55364925,-0.3124857,-0.3036767,-0.5825178,-0.33819044,-0.5143625,-0.484147,-0.29348874,-0.30529132,-0.5331856,-0.5193809,-0.49429634,-0.5005229,-0.3820037,-0.5443699,-0.50466734,-0.46681872,-0.50261545,-0.54237986,-0.57870173,-0.5324758,-0.58649063,-0.53111005,-0.5684397,2.635899,1.4894993,-0.5456641,-0.5413192,-0.5672351,-0.78154546,-0.5755784,-0.54678404,-0.58912504,,,-0.33262053,-0.42060828,-0.50225616
1.6070215,0.4535582,-0.52454114,-0.6434165,-0.5316934,-0.5407348,-0.5007799,-0.5743009,-0.5721544,-0.52683896,-0.49069962,-0.5771845,-0.5264571,-0.16999352,-0.48242447,-0.33875895,-0.5482048,-0.50612766,-0.51982105,-0.52811813,-0.5138237,-0.500174,-0.5140732,-0.34329936,-0.48921502,-0.5508235,-0.47802228,-0.304264,-0.50506204,-0.26107422,-0.25287262,-0.57961774,-0.29650316,-0.5015743,-0.49873856,-0.24016368,-0.32320303,-0.572912,-0.4590909,-0.50781786,-0.50633395,-0.32810226,-0.48241597,-0.52001876,-0.49331895,-0.5178715,-0.48005775,-0.57732177,-0.50311875,-0.5650802,-0.5176577,-0.53168327,0.49918002,0.12261496,-0.5222735,-0.51728654,-0.55512863,-0.6167116,-0.5322826,-0.50498843,-0.6043355,,,-0.39974642,-0.54125273,-0.5174864
1.6070215,-0.03108747,-0.43017688,-0.34212318,-0.48130122,-0.48415902,-0.4361846,-0.5385109,-0.5648604,-0.5191861,-0.47834614,-0.53978395,-0.50919527,-0.18253314,-0.4698226,-0.6230431,-0.57696325,-0.4812897,-0.49932668,-0.48626205,-0.418758,-0.51266754,-0.4200606,-0.539299,-0.4407094,-0.48703787,-0.38705805,-0.23258601,-0.4635779,-0.16467385,-0.15826036,-0.5403336,-0.17698783,-0.45649314,-0.43754515,-0.14094801,-0.23625998,-0.49596745,-0.4748187,-0.4191171,-0.44037482,-0.21905263,-0.43567005,-0.4230118,-0.4255047,-0.418493,-0.43419787,-0.540479,-0.44288385,-0.50978917,-0.4164533,-0.44237536,0.0034808407,-0.1496115,-0.4752348,-0.46515882,-0.5065712,-0.2903367,-0.48685884,-0.4576044,-0.54683995,,,-0.40682888,-0.53252906,-0.43331018
1.6070215,-0.11186175,-0.54580516,-0.6683527,-0.53507835,-0.50591844,-0.4727304,-0.5763354,-0.59039575,-0.54472417,-0.48990047,-0.57931966,-0.55211353,-0.18417916,-0.49249968,-0.6633013,-0.6276814,-0.5093155,-0.50285923,-0.5321231,-0.5316646,-0.5095651,-0.5318877,-0.34840298,-0.4955077,-0.51746124,-0.46412057,-0.29954225,-0.50949925,-0.35755804,-0.35207176,-0.53603256,-0.4024164,-0.51518875,-0.51392883,-0.34748226,-0.34693998,-0.5097629,-0.5162703,-0.5194001,-0.51906264,-0.43399638,-0.49049288,-0.53179747,-0.5114623,-0.5325658,-0.48697665,-0.5680395,-0.5024762,-0.55489635,-0.51837623,-0.54927176,-0.19795945,-0.17275813,-0.49342614,-0.49592915,-0.55552346,-0.6602242,-0.5332798,-0.5124534,-0.5655903,,,-0.40816668,-0.57366914,-0.532544
1.6070215,-0.3541846,-0.35769963,-0.35554752,-0.41475376,-0.40786794,-0.3524169,-0.37880948,-0.5676294,-0.5278556,-0.43640596,-0.37850517,-0.51487875,-0.19089447,-0.47159126,-0.7853143,-0.5365607,-0.4795976,-0.4770672,-0.4404224,-0.34410617,-0.46263757,-0.34699154,-0.44593576,-0.39232498,-0.40788564,-0.42660424,-0.20321393,-0.42084888,-0.33437908,-0.33161297,-0.4554399,-0.4155402,-0.4156309,-0.39072064,-0.32554233,-0.42544234,-0.5073653,-0.44387564,-0.35198343,-0.38813567,-0.40335277,-0.39028192,-0.34009266,-0.35879567,-0.344248,-0.38819796,-0.4886257,-0.42106593,-0.47623518,-0.34556237,-0.4646359,-0.4664813,-0.29132697,-0.42023668,-0.42324394,-0.49893883,-0.36301988,-0.40186402,-0.43780366,-0.43832028,,,-0.39982513,-0.55919576,-0.36397594
1.6070215,-0.5157331,-0.23689505,0.36672464,-0.29722562,-0.24229538,-0.16567618,-0.1871395,-0.38319266,-0.34610766,-0.32177138,-0.19313574,-0.36422336,-0.19242813,-0.4266792,-0.7571336,-0.43590596,-0.41917974,-0.22925852,-0.23059687,-0.21130916,-0.2823062,-0.21416369,-0.45679396,-0.22083142,-0.2786825,-0.23215282,-0.009783254,-0.22667624,-0.28154114,-0.28277647,-0.30666047,-0.3405987,-0.25846034,-0.25482485,-0.28369176,-0.48179284,-0.3839073,-0.34559804,-0.22975752,-0.26713544,-0.31923762,-0.22157934,-0.21667406,-0.2725575,-0.21881455,-0.22290635,-0.3472822,-0.27443397,-0.33642057,-0.1622305,-0.28926772,-0.6806814,-0.3669512,-0.24657083,-0.25196844,-0.37283596,0.33033633,-0.22502926,-0.27272755,-0.2090849,,,-0.3249872,-0.27468494,-0.2515828
1.6070215,-0.59650743,0.13468944,1.7876052,-0.04393688,0.114424355,0.24821177,0.13603164,-0.13354217,-0.10862426,-0.055620946,0.10147078,-0.12451669,-0.18973178,-0.31484118,-0.34866863,-0.098775074,-0.2836286,0.006137884,0.14617547,0.18092474,0.09420405,0.17790341,-0.045947615,0.14982085,0.04649861,0.16475561,0.39403707,0.12864189,-0.17229763,-0.16093503,0.045859687,-0.18542933,0.091434956,0.08460398,-0.18549824,-0.29395783,-0.016521119,-0.029324898,0.1311937,0.085541695,-0.15184993,0.137828,0.1698896,-0.00048823553,0.15626132,0.13796139,-0.08481316,0.04970064,-0.047637578,0.25138602,0.092600994,-0.6241208,-0.35066324,0.10123963,0.09145135,-0.084536396,1.7214123,0.14690934,0.0610126,0.30613473,,,-0.18333818,0.10132535,0.12761997
-0.7992763,4.4922724,-0.36964634,-0.9444938,-0.5516662,-0.5587789,-0.46293408,-0.5984078,-0.3222365,-0.29629552,-0.52484477,-0.60573614,-0.29406926,-0.17557593,-0.4373545,0.9742748,-0.23240831,-0.48610926,-0.907001,-0.546511,-0.36443093,-0.28993645,-0.36971298,-0.50656515,-0.48726583,-0.66596955,-0.71565366,-0.38515332,-0.53190523,-0.37533748,-0.36693543,-0.5599617,-0.37658,-0.3537492,-0.33137533,-0.360798,-0.13857786,-0.4939387,-0.25265238,-0.34804952,-0.35375512,-0.41427234,-0.48197028,-0.37475485,-0.37977692,-0.373878,-0.47966358,-0.5095076,-0.5484859,-0.5751971,-0.64886683,-0.55349356,5.656221,0.63093585,-0.5576108,-0.5562925,-0.48175666,-0.95083183,-0.5786336,-0.5525841,-0.50311685,,,-0.16114649,-0.05887308,-0.33226424
-0.7992763,1.9074953,-0.46517414,-0.9452237,-0.5591101,-0.5634197,-0.4947196,-0.62515515,-0.4050334,-0.40746522,-0.5393717,-0.6239455,-0.4207036,-0.17960106,-0.44537675,0.15982226,-0.39354968,-0.48332936,-0.9053256,-0.57415015,-0.46315435,-0.4196789,-0.46366394,-0.5285257,-0.5333376,-0.66600734,-0.7307541,-0.38673663,-0.56082094,-0.36583227,-0.35742337,-0.5919816,-0.4045813,-0.46238336,-0.44020596,-0.35229197,-0.22353952,-0.5734653,-0.2826634,-0.46717918,-0.45640355,-0.4172645,-0.52765644,-0.465813,-0.45873025,-0.4641699,-0.52406085,-0.53695095,-0.5481682,-0.5821189,-0.64866054,-0.56421053,2.6386817,0.025849838,-0.55269635,-0.5521073,-0.5132636,-0.8781125,-0.59750384,-0.5460303,-0.55862117,,,-0.24731633,-0.21907151,-0.41760534
-0.7992763,0.61510676,-0.5525756,-0.9011012,-0.57907283,-0.55569607,-0.51693857,-0.64539427,-0.5292416,-0.5138335,-0.5220016,-0.6449922,-0.5266623,-0.19430606,-0.4790766,-0.43321067,-0.5168674,-0.49943474,-0.9148354,-0.60741556,-0.54517066,-0.526307,-0.54487234,-0.5320213,-0.57678324,-0.6768838,-0.74291694,-0.39449835,-0.59292006,-0.37259582,-0.36410394,-0.5886612,-0.45925814,-0.53616756,-0.521623,-0.35972154,-0.30013976,-0.65874606,-0.48307484,-0.5472095,-0.54403263,-0.45805386,-0.5704533,-0.5439305,-0.5159998,-0.54382545,-0.5659919,-0.5731167,-0.559659,-0.6019214,-0.65637606,-0.6044212,0.7465514,-0.16697147,-0.5469669,-0.5487279,-0.56400174,-0.8734125,-0.6174603,-0.560746,-0.59551346,,,-0.3448181,-0.41902214,-0.5054057
-0.7992763,-0.03108747,-0.5335012,-0.7427004,-0.5603927,-0.5111319,-0.47352487,-0.64236903,-0.5059637,-0.519605,-0.5068025,-0.63863117,-0.51995903,-0.19641282,-0.45886302,-0.6004367,-0.5233537,-0.45417044,-0.88635087,-0.5927533,-0.5403924,-0.54126006,-0.53640735,-0.59652483,-0.5728111,-0.6420559,-0.73360914,-0.3879681,-0.58997077,-0.3571126,-0.35101768,-0.54158753,-0.4646285,-0.5413192,-0.53350013,-0.34855014,-0.43392265,-0.6560165,-0.5080064,-0.54421026,-0.5372609,-0.44934398,-0.57020456,-0.5114189,-0.5116261,-0.51617885,-0.56829727,-0.5534586,-0.5231054,-0.5704569,-0.62747157,-0.58143735,-0.09820662,-0.29257765,-0.5059819,-0.5091888,-0.5382849,-0.69332725,-0.6058312,-0.5218053,-0.5889038,,,-0.367718,-0.53471,-0.48439404
-0.7992763,-0.3541846,-0.5314948,-0.40697354,-0.514155,-0.40854043,-0.35331643,-0.6291689,-0.39327103,-0.46806827,-0.42867073,-0.6282063,-0.44855505,-0.19697714,-0.38479915,-0.5803076,-0.5016285,-0.3560122,-0.5221879,-0.57919556,-0.5283878,-0.5056242,-0.53214735,-0.5659191,-0.55778664,-0.51951116,-0.43225285,-0.36419037,-0.5784235,-0.32673016,-0.32255262,-0.45423505,-0.44794685,-0.55078983,-0.5181794,-0.31544638,-0.37222242,-0.6068104,-0.51138884,-0.52716154,-0.5073805,-0.4189927,-0.5620266,-0.5102891,-0.5044563,-0.5340859,-0.5595735,-0.5212114,-0.45005894,-0.5039896,-0.4000076,-0.5278969,-0.39072654,-0.3565594,-0.4235877,-0.42665622,-0.48196343,-0.32941347,-0.5922873,-0.4482035,-0.49714327,,,-0.3430868,-0.433099,-0.46817148
-0.7992763,-0.5157331,-0.4813443,0.27146563,-0.26567456,-0.20195259,-0.10957715,-0.21617793,-0.15309729,-0.3552867,-0.2728304,-0.21364231,-0.30108342,-0.19785838,-0.22293253,-0.008332777,-0.46239817,-0.15286678,-0.10168596,-0.42735285,-0.4759297,-0.39810175,-0.48358208,0.18059759,-0.4989662,-0.16628137,-0.014545871,-0.27765042,-0.41819006,-0.26664874,-0.25805554,-0.26186344,-0.4004277,-0.47914952,-0.4603803,-0.25434232,-0.24022275,-0.5096522,-0.40764725,-0.4586676,-0.41602594,-0.35367298,-0.48284614,-0.4802948,-0.46095806,-0.4813058,-0.48280665,-0.3719395,-0.29025123,-0.26133966,0.0743369,-0.393197,-0.55143094,-0.34185645,-0.2524427,-0.25793317,-0.3440925,0.3990426,-0.28870302,-0.28388113,-0.30950156,,,-0.29886085,-0.3778821,-0.41156504
-0.7992763,-0.59650743,-0.09661295,1.6797862,0.4498502,0.23614518,0.41456535,0.7425989,0.34757662,-0.110336594,0.062118202,0.7456074,0.005400863,-0.19831063,0.08548262,-0.39635903,-0.15644836,0.24500877,0.67430454,0.8895938,-0.07662982,-0.15767853,-0.08209281,1.4671836,0.84287006,0.3203193,0.6172934,-0.0040833545,0.88670677,-0.17683694,-0.17064114,0.14510667,-0.2734862,0.53897583,0.09724801,-0.16404164,-0.09352123,-0.09542062,-0.11768814,-0.10094863,-0.09783144,-0.17100647,0.8098631,0.12253448,-0.045598943,0.10082028,0.8276748,0.09800775,0.025084088,0.122967325,0.78622556,-0.09987595,-0.5826241,-0.32976443,0.09771286,0.08680179,-0.031109992,1.8966529,0.75232685,0.04923694,0.18348314,,,-0.20120169,-0.25247923,0.0010752226
-0.7445094,3.846078,-0.53584653,-0.9182608,-0.5726097,-0.58806884,-0.5490918,-0.64902985,-0.51917094,-0.47601753,-0.5893882,-0.65110224,-0.5117261,0.42002624,-0.43940744,3.3748968,0.3722235,-0.5036348,-0.9231346,-0.61757404,-0.5224579,0.18615852,-0.52240396,-0.66916054,-0.57419133,-0.69232845,-0.7491072,-0.4067637,-0.59663534,-0.36722463,-0.3595024,-0.6015364,-0.43787745,-0.5247283,-0.5040616,-0.35070437,-0.23503153,-0.6715087,-0.4722673,-0.5022894,-0.51422954,-0.4378913,-0.56853837,-0.51999897,-0.42688185,-0.5206113,-0.5668399,-0.59803444,-0.5748623,-0.61903965,-0.6682118,-0.62283635,2.4626522,7.374558,-0.5713906,-0.57191277,-0.5830638,-0.9098723,-0.6208797,-0.58587706,-0.62756604,,,-0.2679341,-0.45966655,-0.5235267
-0.7445094,1.5843982,-0.57946485,-0.80991596,-0.5672581,-0.5783743,-0.5718032,-0.6457083,-0.5840067,-0.5376519,-0.58407784,-0.64604074,-0.5614471,0.003434562,-0.49970078,0.15579644,-0.46122593,-0.52533025,-0.90777504,-0.6259153,-0.56636864,-0.41216043,-0.56603587,-0.7076065,-0.5959168,-0.6790269,-0.7110282,-0.40586296,-0.61058605,-0.33987966,-0.3345933,-0.61443967,-0.42537463,-0.5675873,-0.54140973,-0.32067695,-0.23059323,-0.7127843,-0.50623554,-0.5551514,-0.53321576,-0.41079012,-0.5925566,-0.56331056,-0.52385473,-0.5634276,-0.59083825,-0.59617275,-0.5613189,-0.60438776,-0.64420074,-0.6127689,0.57176113,1.4926982,-0.55499303,-0.5557472,-0.5952455,-0.7717144,-0.620304,-0.56955326,-0.63970673,,,-0.41241616,-0.56117845,-0.5665856
-0.7445094,0.4535582,-0.5926758,-0.8529497,-0.57289135,-0.56274056,-0.581941,-0.6406883,-0.60533845,-0.55933905,-0.58016163,-0.63442117,-0.5822968,-0.16374178,-0.5144504,-0.47842363,-0.6211951,-0.53206855,-0.90716386,-0.6325178,-0.5780703,-0.5064068,-0.57755065,-0.7290275,-0.6039927,-0.6769342,-0.71065915,-0.40451187,-0.6165164,-0.38034344,-0.3715061,-0.5873723,-0.48376033,-0.5890888,-0.55762565,-0.36232018,-0.28393203,-0.72503054,-0.54929876,-0.57519937,-0.5688251,-0.47426125,-0.6000349,-0.57528996,-0.542378,-0.5768777,-0.5981643,-0.5903795,-0.5633857,-0.6050326,-0.6454357,-0.61868095,0.074040376,0.2468955,-0.5504785,-0.5514332,-0.60237026,-0.8092032,-0.6193354,-0.5702166,-0.66174805,,,-0.4353161,-0.5990471,-0.57948595
-0.7445094,-0.03108747,-0.5927858,-0.68262523,-0.54750663,-0.52127916,-0.57534224,-0.61088693,-0.60217613,-0.55905247,-0.57052684,-0.5985013,-0.58008313,-0.17246693,-0.50614387,-0.76921105,-0.6959828,-0.51838046,-0.811521,-0.61439925,-0.575014,-0.5104595,-0.57338524,-0.7100407,-0.592698,-0.5879884,-0.66907555,-0.40293562,-0.5976795,-0.3701429,-0.36190808,-0.5283901,-0.48497704,-0.58814985,-0.55336535,-0.35114995,-0.50533164,-0.73266596,-0.562514,-0.5700978,-0.5546491,-0.47020295,-0.59309036,-0.5724605,-0.54274935,-0.57433254,-0.59092903,-0.564238,-0.53948313,-0.5775253,-0.59806746,-0.5881391,-0.37142372,-0.13275874,-0.5187649,-0.51986295,-0.5804883,-0.6234752,-0.58945155,-0.5427495,-0.64410394,,,-0.4530222,-0.6127274,-0.5880719
-0.7445094,-0.3541846,-0.5255031,-0.2706667,-0.47986776,-0.415545,-0.54519165,-0.5361889,-0.5867089,-0.5400281,-0.53741485,-0.53781086,-0.54534185,-0.18442963,-0.47626564,-0.8689273,-0.6717569,-0.48045877,-0.2351107,-0.5284958,-0.50173664,-0.42317262,-0.49840406,-0.7133682,-0.5018715,-0.36901087,-0.43020347,-0.37791234,-0.5049247,-0.34366408,-0.3379427,-0.47479475,-0.46206078,-0.52765775,-0.49022406,-0.32057807,-0.54460263,-0.6629511,-0.53442526,-0.5167187,-0.5156844,-0.44317913,-0.49945337,-0.49853024,-0.48605502,-0.5012037,-0.49823418,-0.4953303,-0.47565,-0.48729005,-0.4001788,-0.5118141,-0.64840144,-0.36485323,-0.44478768,-0.4467254,-0.5108009,-0.18688376,-0.51655024,-0.47549507,-0.5661158,,,-0.44357893,-0.5768414,-0.51476824
-0.7445094,-0.5157331,-0.27484232,0.56206274,-0.046245493,-0.1857662,-0.45887637,0.1889094,-0.489738,-0.4476966,-0.4641976,0.1921935,-0.4386183,-0.18742102,-0.41047674,-0.84074664,-0.49240702,-0.40210745,0.20537828,-0.012241222,-0.23570377,-0.19465597,-0.24287467,-0.15515944,-0.15778074,0.026264189,0.020942053,-0.19176488,-0.0040352154,-0.30456737,-0.29935795,-0.28021657,-0.40861747,-0.20517296,-0.26279932,-0.28118092,-0.49724764,-0.4566468,-0.38734865,-0.2672165,-0.30901375,-0.39456552,-0.15096551,-0.23470879,-0.32651848,-0.23709615,-0.14364222,-0.30562252,-0.33608958,-0.29771182,0.02290182,-0.34127295,-0.71239626,-0.37210962,-0.29408216,-0.29762214,-0.37272316,0.687214,-0.011804271,-0.3388024,-0.36519948,,,-0.40494022,-0.43290073,-0.263232
-0.7445094,-0.59650743,0.08816694,2.2223508,0.20408583,0.2555076,-0.29740122,0.60521317,-0.20243245,-0.17437658,-0.32005355,0.6107863,-0.1447446,-0.18614711,-0.27883574,-0.6518432,-0.159418,-0.2443925,0.6398853,0.3802267,0.1696285,0.2728864,0.19425906,0.25811398,0.3889246,0.3273856,0.24122253,-0.08241124,0.37405166,-0.21739872,-0.21479765,0.10380513,-0.30095887,0.28235066,0.14659858,-0.194232,-0.36211738,-0.1610411,-0.06985611,0.2036296,0.06857323,-0.29614314,0.39890563,0.15657724,-0.10962867,0.15421882,0.40345022,0.008921124,-0.09860552,0.025098352,0.2724978,-0.017077947,-0.6901589,-0.3585709,0.0074804206,0.00067721884,-0.07017405,2.4343195,0.3184226,-0.07049693,0.04091968,,,-0.24700154,0.008239753,0.10837722
1.2789707,0.7766553,-0.54701453,-0.7178458,-0.5208796,-0.5460215,-0.5120076,-0.5627881,-0.43885252,-0.45837235,-0.38291895,-0.5637062,-0.46570495,-0.15668805,-0.45039856,-0.026913444,-0.5201496,-0.48189405,-0.30077296,-0.52479017,-0.53266704,-0.47169328,-0.5309723,-0.46104667,-0.51062435,-0.37289408,-0.4751402,-0.37628683,-0.50442815,-0.28301463,-0.27443832,-0.584206,-0.34745428,-0.5241837,-0.51549125,-0.2635234,-0.40725327,-0.5792564,-0.53770286,-0.5241852,-0.51655066,-0.37098095,-0.5071727,-0.5342553,-0.50008607,-0.5363182,-0.50636417,-0.53939843,-0.51836485,-0.5540421,-0.56803185,-0.5060866,0.70296794,0.50844204,-0.5337718,-0.53536046,-0.52649796,-0.69431174,-0.52889663,-0.51478684,-0.6286446,,,-0.3885719,-0.5213271,-0.54561704
1.2789707,0.049686812,-0.43982404,-0.35906264,-0.46131837,-0.47909203,-0.4440243,-0.50042766,-0.3077463,-0.3889259,-0.30726185,-0.5006836,-0.4030438,-0.16503866,-0.4006542,-0.209933,-0.5534407,-0.42141578,-0.33750007,-0.49348807,-0.42897606,-0.5109905,-0.43044874,-0.40398538,-0.4645526,-0.48505598,-0.4519772,-0.34509218,-0.47206137,-0.17084047,-0.16346039,-0.5379029,-0.23735385,-0.4696726,-0.445734,-0.14739536,-0.33703306,-0.5209025,-0.41852084,-0.43186423,-0.44059232,-0.2570562,-0.4606418,-0.4267456,-0.42461917,-0.42929935,-0.45866045,-0.44097742,-0.44313732,-0.471227,-0.5421684,-0.3523368,0.11668911,-0.072448395,-0.47503182,-0.476576,-0.41272718,-0.33188304,-0.4796002,-0.41244546,-0.5638757,,,-0.37849906,-0.5042763,-0.43982512
1.2789707,-0.03108747,-0.42446923,-0.2702059,-0.44176304,-0.4628457,-0.42508167,-0.4456326,-0.27067742,-0.37155756,-0.27814326,-0.4478952,-0.38497984,-0.16682898,-0.38710478,-0.24059111,-0.5570355,-0.40583917,-0.35201484,-0.46250665,-0.4126298,-0.510711,-0.41438574,-0.50304663,-0.44199744,-0.41814262,-0.4283206,-0.3366479,-0.43999037,-0.14629765,-0.14072515,-0.5203273,-0.19376177,-0.4493604,-0.43790683,-0.123684675,-0.30386475,-0.4838319,-0.3937757,-0.41495422,-0.4251532,-0.23303312,-0.44095358,-0.41013056,-0.41392633,-0.41287053,-0.4382512,-0.41565615,-0.42374322,-0.4499129,-0.514757,-0.3141706,0.08227884,-0.12791154,-0.4622397,-0.46400243,-0.3839273,-0.24228542,-0.44044426,-0.39266533,-0.5506288,,,-0.3742496,-0.50150055,-0.4264501
1.2789707,-0.31379744,-0.45353892,-0.39634252,-0.44761756,-0.4141068,-0.39584374,-0.48548055,-0.32535258,-0.38747814,-0.33010164,-0.49051926,-0.3876226,-0.18389583,-0.3996751,-0.4356881,-0.5835277,-0.4260389,-0.2928749,-0.4760715,-0.44171134,-0.4524639,-0.4426302,-0.40487164,-0.4666783,-0.3832266,-0.4555239,-0.33101836,-0.46575424,-0.3287071,-0.3253244,-0.45959386,-0.37624437,-0.4767803,-0.45216155,-0.3216835,-0.37955353,-0.4833893,-0.44551057,-0.444035,-0.44524896,-0.39715356,-0.4568042,-0.4388439,-0.43572167,-0.4405122,-0.45374873,-0.42338923,-0.42580292,-0.45336753,-0.536562,-0.38343218,-0.2852133,-0.27287766,-0.41685537,-0.41891494,-0.42447647,-0.4042909,-0.47219047,-0.4230673,-0.48809996,,,-0.3315188,-0.5018971,-0.4509997
1.2789707,-0.3541846,-0.43363997,-0.30953693,-0.4259699,-0.38743353,-0.36931095,-0.43361786,-0.28785434,-0.3643285,-0.27570593,-0.43491256,-0.35824144,-0.18525296,-0.3923161,-0.43197197,-0.57446253,-0.41226017,-0.35641342,-0.44158396,-0.42219076,-0.43591768,-0.42373088,-0.4055244,-0.44006673,-0.4136777,-0.4232181,-0.3253818,-0.43676463,-0.32302776,-0.31860095,-0.43247047,-0.3807756,-0.45140103,-0.43654978,-0.32070556,-0.37626445,-0.4697045,-0.41933635,-0.42247322,-0.42586967,-0.38370612,-0.4329933,-0.4197958,-0.42164525,-0.4217551,-0.43513146,-0.38921526,-0.40395287,-0.43019003,-0.5082371,-0.34757617,-0.34568667,-0.28332707,-0.39596745,-0.39987037,-0.39744368,-0.32239684,-0.43759742,-0.39926818,-0.46202093,,,-0.32018688,-0.5227149,-0.43645978
1.2789707,-0.5157331,-0.10549052,0.4804605,-0.17214297,-0.13418417,-0.11073931,-0.028147947,0.05544271,-0.14516638,0.012910847,-0.026846258,-0.11167604,-0.19261183,-0.2684447,-0.2529782,-0.29484865,-0.27911124,-0.1478237,-0.048018597,-0.09691893,-0.25128204,-0.096622124,-0.28610185,-0.035127304,-0.22094075,-0.15213771,-0.22110881,-0.045735948,-0.25958475,-0.26111206,-0.25557294,-0.29307118,-0.07837988,-0.091383636,-0.27379185,-0.4326942,-0.22153442,-0.19090995,-0.10259438,-0.1162157,-0.27985835,-0.055177797,-0.088161424,-0.16397662,-0.10194534,-0.044204805,-0.096139394,-0.21500227,-0.20879142,-0.2683578,-0.012981595,-0.65255326,-0.36683014,-0.20237416,-0.20434648,-0.12448401,0.41239172,-0.09911472,-0.18895565,-0.12404463,,,-0.19278145,-0.27369362,-0.13440056
1.2789707,-0.59650743,0.41665536,2.0363958,0.12064373,0.34958306,0.38669968,0.19093065,0.77119726,0.32771817,0.59676427,0.18624867,0.40175107,-0.19119637,0.003270163,0.4447258,0.19904731,0.00016460031,0.092065655,0.33760455,0.39872974,0.16153485,0.39748025,0.06048686,0.3633798,0.045226876,0.22814447,-0.046966307,0.29510498,-0.12870128,-0.1380226,0.14641662,-0.10322112,0.30085385,0.39504927,-0.1247471,-0.21811053,0.3062328,0.29125106,0.38733003,0.39793852,-0.09536044,0.353305,0.4044055,0.21917848,0.38344842,0.35241413,0.4151421,0.17574981,0.2063645,-0.028738149,0.6416821,-0.6015356,-0.3490552,0.19627744,0.18353465,0.41449857,1.8865604,0.26508173,0.22625649,0.44739836,,,0.10200594,0.1448446,0.3580151
-0.22656897,3.1998837,-0.5322918,-1.0293787,-0.54950845,-0.5831683,-0.54389817,-0.6085627,-0.5099205,-0.47722524,-0.5332423,-0.60491,-0.48797864,0.29524872,-0.44408184,1.465114,-0.09330471,-0.4925756,-0.895233,-0.57118565,-0.5206112,-0.22215846,-0.52378136,-0.56408644,-0.5524237,-0.6554255,-0.7098355,-0.38687035,-0.55836636,-0.3760929,-0.36723068,-0.5834845,-0.45208368,-0.4859192,-0.48994416,-0.36037734,-0.07806645,-0.6318192,-0.5043016,-0.5189301,-0.5174303,-0.45039293,-0.54479486,-0.52121055,-0.467835,-0.5259479,-0.54313713,-0.58597916,-0.56699467,-0.60889345,-0.64475924,-0.6045024,2.0039935,2.2151022,-0.56815475,-0.5693304,-0.5891922,-1.0229172,-0.58644253,-0.57644516,-0.6279808,,,-0.31412745,-0.4488611,-0.49699244
-0.22656897,1.261301,-0.50781214,-1.0075213,-0.550102,-0.56798065,-0.5333599,-0.6169087,-0.5124426,-0.49788108,-0.5423692,-0.611843,-0.5101342,-0.0651762,-0.44746128,0.11987382,-0.42816928,-0.47642487,-0.88470143,-0.56632555,-0.50731236,-0.47697577,-0.50357944,-0.57805634,-0.538337,-0.65287703,-0.71206045,-0.38729256,-0.5639991,-0.3620629,-0.3548169,-0.5403196,-0.45186552,-0.49964324,-0.50961953,-0.3478702,-0.10120899,-0.6095399,-0.3097347,-0.52448547,-0.52836066,-0.43152872,-0.5369175,-0.51077473,-0.4851067,-0.5025465,-0.53356785,-0.57275224,-0.5497103,-0.5949995,-0.64144456,-0.5850835,0.7259661,0.118401766,-0.5616284,-0.56232905,-0.5680247,-0.9962105,-0.58690375,-0.5554493,-0.62842333,,,-0.3688197,-0.50031096,-0.4687755
-0.22656897,0.29200965,-0.5238724,-0.9789477,-0.5534618,-0.55457747,-0.52814656,-0.6195978,-0.55543506,-0.5271721,-0.5351792,-0.61763847,-0.5400004,-0.17397484,-0.45039856,-0.3647719,-0.5338255,-0.4808818,-0.8840832,-0.57563245,-0.53528005,-0.56345206,-0.53101856,-0.5878089,-0.55264765,-0.6534638,-0.7159237,-0.3866733,-0.5748315,-0.3799382,-0.37003532,-0.54364,-0.47973257,-0.5284809,-0.53497714,-0.36303788,-0.12676881,-0.6272822,-0.46962658,-0.5449362,-0.5507099,-0.46474317,-0.5513455,-0.53348225,-0.5070781,-0.5284807,-0.54700375,-0.57031775,-0.54519105,-0.59302723,-0.6437489,-0.5876889,-0.049754,-0.25779432,-0.5509663,-0.55144817,-0.5709385,-0.94961375,-0.5928455,-0.5531184,-0.62433034,,,-0.37865645,-0.55096775,-0.48784566
-0.22656897,-0.03108747,-0.48104197,-0.9314691,-0.5286907,-0.5197544,-0.49129876,-0.60912,-0.5274625,-0.50839764,-0.5032797,-0.6021616,-0.5236589,-0.18184164,-0.43722817,-0.4078171,-0.51647663,-0.45498627,-0.8726597,-0.5507689,-0.5153875,-0.5709985,-0.51566625,-0.5186953,-0.5350971,-0.6412073,-0.7034458,-0.37773642,-0.5615763,-0.37341943,-0.3637561,-0.53557724,-0.4724994,-0.52065647,-0.52648246,-0.35643032,-0.25872886,-0.5717685,-0.43823305,-0.5278578,-0.5317218,-0.45730582,-0.53805244,-0.5131483,-0.4914084,-0.47474217,-0.5325046,-0.5527035,-0.5215812,-0.57474905,-0.6321334,-0.5514048,-0.3327312,-0.29439896,-0.5318903,-0.53280205,-0.54542845,-0.89850885,-0.5793715,-0.52881855,-0.57076186,,,-0.37456438,-0.5463085,-0.43192956
-0.22656897,-0.3541846,-0.4523479,-0.78281033,-0.4524058,-0.4204189,-0.36905488,-0.5971318,-0.42555523,-0.42732245,-0.39933053,-0.5877841,-0.43676528,-0.18596368,-0.39095798,-0.42515907,-0.45552114,-0.36782685,-0.67563033,-0.49748233,-0.49627674,-0.5453407,-0.5008641,-0.5148884,-0.51291597,-0.5450793,-0.55739826,-0.34857544,-0.5474125,-0.35357046,-0.34468174,-0.4699753,-0.44746017,-0.5091765,-0.4947632,-0.33563733,-0.38779607,-0.49113536,-0.46838778,-0.49551517,-0.48574203,-0.4338846,-0.5213856,-0.49556202,-0.46600989,-0.4973601,-0.5154952,-0.48711553,-0.44618583,-0.5080179,-0.60681164,-0.439829,-0.6038398,-0.35194278,-0.4706385,-0.4720972,-0.4624126,-0.7413646,-0.56256247,-0.45210636,-0.46116364,,,-0.3173539,-0.34229344,-0.37726465
-0.22656897,-0.5157331,-0.45802808,-0.49596894,-0.29910675,-0.24021798,-0.18448748,-0.4116317,-0.22054009,-0.28679562,-0.19699158,-0.4025386,-0.2848725,-0.18272673,-0.28827927,-0.3201783,-0.41425893,-0.20660679,-0.096966475,-0.42071828,-0.45067972,-0.46808776,-0.47486183,0.046711553,-0.500918,-0.25516927,-0.13159421,-0.28137997,-0.49617887,-0.3161041,-0.30830297,-0.30595997,-0.3959636,-0.47716525,-0.44148484,-0.29750487,-0.36176074,-0.48184004,-0.346499,-0.434314,-0.39340863,-0.38266575,-0.5119639,-0.45120236,-0.39176843,-0.4851617,-0.50784236,-0.3272465,-0.30222753,-0.30470067,-0.37235907,-0.22919524,-0.6617482,-0.35809252,-0.3535463,-0.3566523,-0.30156943,-0.44191042,-0.40750045,-0.30417234,-0.32711804,,,-0.24582113,-0.28985226,-0.36272472
-0.22656897,-0.59650743,-0.17481619,0.10009317,0.10631422,0.08201829,0.16404352,0.29978883,0.20700134,0.027363306,0.18067394,0.30529422,0.04448246,-0.19429809,-0.059739385,0.048028577,-0.16402873,0.13260345,0.4359608,0.21688932,-0.21311353,-0.2895172,-0.20627743,0.1445893,0.07166139,0.14429118,0.415459,-0.1271097,0.23247202,-0.23848698,-0.23233123,0.039681267,-0.29358304,0.042898547,-0.17164865,-0.21537851,-0.42888993,-0.22452219,-0.041790664,-0.16281106,-0.14011618,-0.27545613,0.069872774,-0.20440727,-0.18636464,-0.22828057,0.06143058,0.13583995,-0.0010138847,0.07123563,0.01141411,0.21989056,-0.7675657,-0.38421318,-0.11261438,-0.11761075,0.04397272,0.17048615,0.24651845,0.0015870612,-0.037538614,,,-0.037597053,-0.05817915,-0.13025862
0.9301171,1.9074953,-0.56460476,-0.8732738,-0.5740683,-0.57917994,-0.5441083,-0.64341944,-0.5308356,-0.48971134,-0.528151,-0.6437975,-0.51038915,-0.18015207,-0.46988574,0.09293185,-0.5253855,-0.50002396,-0.86611843,-0.6070521,-0.5478059,-0.47937945,-0.5489497,-0.50915325,-0.58558875,-0.66253465,-0.6827867,-0.39758053,-0.6034778,-0.35714903,-0.3529918,-0.603743,-0.44083953,-0.5644043,-0.53304076,-0.35626975,-0.5068375,-0.69423056,-0.55272,-0.5395949,-0.5450992,-0.42964575,-0.58256733,-0.54629165,-0.51140994,-0.54810756,-0.58092403,-0.5817481,-0.555586,-0.6000119,-0.6446119,-0.5891208,1.3991945,0.30668136,-0.55801076,-0.55875504,-0.5844737,-0.51122296,-0.6167287,-0.5601704,-0.6573232,,,-0.40486154,-0.547399,-0.566413
0.9301171,0.61510676,-0.5688832,-0.6843094,-0.5253359,-0.5514281,-0.5133208,-0.57317746,-0.50873005,-0.4666254,-0.47392705,-0.5758405,-0.4871392,-0.18479076,-0.4510934,-0.3186299,-0.61775655,-0.47690833,-0.7653125,-0.5315601,-0.5527156,-0.5431047,-0.5516914,-0.59190416,-0.55189955,-0.6152614,-0.63944626,-0.38475224,-0.5190075,-0.31948793,-0.32218227,-0.59192556,-0.398632,-0.5599256,-0.53406966,-0.3373316,-0.5114343,-0.68766487,-0.49583188,-0.53294724,-0.5264383,-0.3825196,-0.5478396,-0.5498173,-0.51904345,-0.5526484,-0.5482511,-0.5422886,-0.51695126,-0.56280226,-0.6100323,-0.5225532,0.23798369,-0.13539846,-0.5233491,-0.5244556,-0.53369796,-0.6394552,-0.548446,-0.51503205,-0.6373284,,,-0.4156426,-0.5835824,-0.5767247
0.9301171,-0.03108747,-0.580949,-0.72868073,-0.5374775,-0.5135688,-0.49173868,-0.5729121,-0.52462405,-0.48248473,-0.48294446,-0.5754147,-0.50724274,-0.19136673,-0.4582945,-0.5239463,-0.6528451,-0.48092714,-0.75942963,-0.53353405,-0.56338584,-0.5354745,-0.5636088,-0.5962418,-0.5515203,-0.6135943,-0.63400173,-0.38418224,-0.5203791,-0.37408295,-0.36453402,-0.55439967,-0.4784739,-0.5720097,-0.5429318,-0.3569995,-0.55165637,-0.68194747,-0.5609179,-0.5490465,-0.5442797,-0.46147588,-0.55326563,-0.56139284,-0.49993095,-0.5692275,-0.55658597,-0.5445538,-0.5176259,-0.5678021,-0.61089253,-0.5605422,-0.15391952,-0.2612986,-0.5126597,-0.5137934,-0.5511997,-0.6826563,-0.5489263,-0.5179979,-0.6008786,,,-0.39510348,-0.6058873,-0.58470654
0.9301171,-0.3541846,-0.32056776,-0.36371142,-0.4576769,-0.40483174,-0.38342762,-0.46804112,-0.42502302,-0.3873826,-0.37028912,-0.4751441,-0.4158036,-0.19577838,-0.42118362,-0.6264496,-0.5136633,-0.42229205,-0.49498475,-0.40925926,-0.39578462,-0.46003824,-0.3932508,-0.6971693,-0.38563982,-0.45798692,-0.4406755,-0.3454722,-0.39584568,-0.3545084,-0.34513992,-0.4815546,-0.44777063,-0.38081542,-0.415932,-0.3372956,-0.5972678,-0.46667984,-0.4670713,-0.36564502,-0.3832367,-0.42921585,-0.38761035,-0.40720943,-0.32120866,-0.40787637,-0.38614666,-0.44963482,-0.4362978,-0.4681953,-0.49964306,-0.45146117,-0.6249033,-0.3807896,-0.43263793,-0.43471804,-0.45299438,-0.30545178,-0.43666384,-0.42597377,-0.4748807,,,-0.34403113,-0.5861599,-0.43136865
0.9301171,-0.5157331,-0.07916015,0.3707128,-0.3164993,-0.17923439,-0.13096884,-0.31564853,-0.19791262,-0.17075346,-0.12798178,-0.31608942,-0.20497441,-0.19504508,-0.3047344,-0.3409267,-0.34814563,-0.28684667,-0.39876848,-0.27715626,-0.06335992,-0.2649215,-0.070217185,-0.5290918,-0.1398404,-0.35148865,-0.3007492,-0.27446267,-0.25709033,-0.31434792,-0.30591807,-0.3029058,-0.3754556,-0.22152598,-0.18905771,-0.29676166,-0.5319218,-0.27347013,-0.34019235,-0.09202764,-0.16874963,-0.36018175,-0.13386075,-0.058895554,-0.14699431,-0.06384471,-0.12688433,-0.25478467,-0.2706858,-0.30201653,-0.379321,-0.22692195,-0.7002451,-0.37820172,-0.26976746,-0.27381116,-0.2531059,0.45026988,-0.25936627,-0.24152282,-0.18729246,,,-0.20513639,-0.082268395,-0.100143306
0.9301171,-0.59650743,-0.021167347,1.839757,-0.06445287,0.21246819,0.26681295,-0.062005106,0.25977138,0.25734574,0.32000807,-0.060583297,0.22068854,-0.19384174,-0.06971984,0.26851916,-0.19919538,-0.016953038,-0.2400402,0.023308113,-0.013750947,0.13218768,-0.017752774,-0.23613428,-0.022452371,-0.08227138,-0.0036897527,-0.13701065,-0.0016035679,-0.23329169,-0.22696526,0.05503625,-0.24405,-0.07063684,-0.06308136,-0.21553053,-0.38700354,-0.14138077,-0.039825656,-0.01690764,-0.05675452,-0.23385854,-0.025046876,-0.0020709147,-0.06636228,-0.008369168,-0.019306555,0.12900516,0.06069884,0.021317089,-0.17401573,0.22333002,-0.70246226,-0.3673604,0.056367308,0.048454966,0.15255503,1.9616965,0.041072167,0.12599558,0.24003837,,,0.074699156,0.0038779143,-0.05125985
0.7306811,-0.65708816,-0.43688318,-1.0043976,-0.5386746,-0.59808296,-0.55251265,-0.59335685,-0.57014126,-0.5242178,-0.5885218,-0.5964233,-0.5356041,-0.23610508,-0.45981053,-0.20931365,-0.13151912,-0.51726246,-0.7751007,-0.5469884,-0.4826638,-0.4736218,-0.483197,-0.8030589,-0.5167643,-0.6369086,-0.6752913,-0.39465317,-0.53198624,-0.3875591,-0.3771832,-0.21300349,-0.18702365,-0.4823106,-0.47107932,-0.37050796,-0.37194502,2.0379643,-0.55137247,-0.48368248,-0.4961267,-0.25138146,-0.5106916,-0.48127842,-0.39557213,-0.48294425,-0.50947094,,-0.5668019,,-0.61227906,-0.59805155,-0.67007357,,-0.52681524,-0.52548015,,-0.9928037,-0.5500332,-0.58150184,,,,-0.29217187,-0.55879927,-0.5067001
-1.8289335,-0.65708816,-0.500437,-1.0379381,-0.55978405,-0.60191816,-0.5670364,-0.6190715,-0.5946225,-0.5475879,-0.5988114,-0.6223441,-0.5547376,-0.23624043,-0.49606866,-0.5852625,-0.22514054,-0.5357549,-0.81897074,-0.58898705,-0.5227519,-0.5749394,-0.5228022,-0.8450217,-0.5533641,-0.6675536,-0.70542914,-0.4027597,-0.5643936,-0.39221254,-0.38233486,-0.38648257,-0.1652402,-0.5338766,-0.504036,-0.37616092,-0.45250803,0.37886167,-0.60436946,-0.52277106,-0.5361857,-0.25954965,-0.54719174,-0.52180517,-0.4509137,-0.5226489,-0.5453907,,-0.5807415,,-0.63455844,-0.65038157,-0.51604253,,-0.55563533,-0.5563434,,-1.0412194,-0.58051825,-0.5978076,,,,-0.36858365,-0.5924052,-0.54458153
1.5207849,-0.65708816,-0.48764747,-1.0193634,-0.49529374,-0.5809511,-0.55795574,-0.60985863,-0.5771987,-0.5307928,-0.5798679,-0.6057107,-0.5254746,5.648279,2.2521582,-0.3647719,3.7632256,0.76603156,-0.8464901,-0.573409,-0.5230727,-0.52887833,-0.5227978,-0.82767653,-0.5439896,-0.6443652,-0.69756013,-0.38361225,-0.55620414,-0.38892668,-0.37916926,-0.32185435,-0.017992087,-0.5152827,-0.5069695,-0.37199685,-0.17531268,1.2103864,-0.56723624,-0.52582824,-0.52729785,0.014222266,-0.53841525,-0.52083886,5.0555663,-0.5219417,-0.5369106,,-0.5666484,,-0.62346363,-0.5837992,-0.6239034,,-0.51428676,-0.51648664,,-0.9832619,-0.57140356,-0.5760425,,,,6.206922,-0.41029847,-0.49077955
0.1770878,-0.65708816,-0.5490667,-1.0538378,-0.5766234,-0.6025041,-0.5787697,-0.6392929,-0.6190651,-0.5710339,-0.5960255,-0.6400419,-0.5881793,6.4341283,1.4212534,-0.60755926,3.1870396,0.37941167,-0.8934231,-0.6099418,-0.55964345,-0.57331836,-0.55941045,-0.87184525,-0.5790037,-0.67066115,-0.7206466,-0.40245005,-0.5869158,-0.39116332,-0.38123855,-0.23500623,0.03130599,-0.5594656,-0.53869057,-0.37422,-0.17000258,1.8636403,-0.6085092,-0.55704767,-0.5647924,0.0623458,-0.57290983,-0.5576318,3.6594965,-0.55918986,-0.57098913,,-0.5800954,,-0.6486872,-0.6369337,-0.609948,,-0.551645,-0.55253863,,-1.0294832,-0.60286194,-0.59366214,,,,4.2736487,-0.57000124,-0.5621416
-0.38953057,-0.65708816,-0.50320387,-1.0390595,-0.56115216,-0.6075178,-0.5701946,-0.620405,-0.59956396,-0.5522619,-0.601423,-0.6236341,-0.559563,-0.23656432,-0.5128396,-0.67042387,-0.23264275,-0.54438174,-0.8248064,-0.58977807,-0.5262092,-0.55529076,-0.52630746,-0.84685266,-0.55523163,-0.66814035,-0.70591074,-0.4034634,-0.5646577,-0.39313558,-0.383235,-0.41805416,-0.2804257,-0.53619266,-0.5066273,-0.37632188,-0.47604683,0.28904384,-0.6066684,-0.52619994,-0.53874725,-0.26759747,-0.54852885,-0.52478826,-0.4803948,-0.5261056,-0.5467937,,-0.5810414,,-0.635211,-0.65156984,-0.69198483,,-0.56154054,-0.5622452,,-1.0429296,-0.5816554,-0.59829545,,,,-0.40808797,-0.60301244,-0.5485509
0.2077722,-0.65708816,-0.5737755,-1.0870847,-0.58986646,-0.61301094,-0.586872,-0.6406618,-0.6351236,-0.58620733,-0.60453504,-0.6440422,-0.60668474,-0.23641671,-0.51205003,-0.67754644,0.49100858,-0.54498607,-0.82313806,-0.6165799,-0.5682777,-0.573514,-0.56790406,-0.89067465,-0.5817299,-0.6880902,-0.732808,-0.40999365,-0.5908846,-0.39342043,-0.38353175,-0.4274759,-0.39646706,-0.56970614,-0.5476547,-0.37663257,-0.5675471,0.48365524,-0.6394561,-0.5853917,-0.5829725,-0.38012072,-0.5750035,-0.56910574,-0.4976944,-0.5715016,-0.57342166,,-0.5897943,,-0.65476084,-0.661999,-0.64446694,,-0.56794566,-0.5685305,,-1.0482749,-0.6072276,-0.60338825,,,,-0.40352374,-0.6584276,-0.59199804
0.44672376,-0.65708816,3.2900565,0.61355805,2.1939108,3.7394161,1.2190388,2.9139044,2.0237458,1.9644169,2.534638,2.8747013,2.0836527,-0.23775353,0.8380598,1.8373467,2.9148498,1.0913422,2.9539177,2.9322107,3.5251577,4.237801,3.4811368,3.6717975,3.0858936,3.5780032,2.9347715,0.6600605,2.786947,1.1813705,1.0339088,3.5297809,1.857483,3.1834807,3.3379495,0.74325776,1.9405655,3.2108335,3.1179118,3.3518417,3.478191,1.8039328,2.9896827,3.52293,2.2444692,3.4186032,2.9553173,2.3588398,3.6337614,2.8444846,3.1958156,2.9597456,-0.110031754,-0.20253867,3.8980677,3.849566,2.509088,0.4703937,2.9106245,3.7501507,4.2057915,2.560925,2.573456,1.3597708,3.4885902,3.754186
1.2152075,-0.65708816,3.8663747,0.9383277,5.1180205,2.5030317,3.3133175,3.282326,3.5188954,3.3431773,3.6790817,3.3731565,3.5687284,-0.23426026,6.519626,2.1145084,2.4899588,6.1470733,3.2559085,3.3828573,3.7317622,2.7397258,3.7495782,3.051369,4.1491446,4.2668095,3.5983555,7.433899,4.1064405,7.7832327,7.8462033,3.6550584,7.348366,3.6002092,3.9433885,7.9212103,7.263033,3.1168108,4.4066234,3.8046935,4.1881638,7.3794184,4.3247275,3.8421118,2.1339378,3.899116,4.4162645,3.313042,4.4286914,3.2948945,3.7019415,4.4852424,-0.3443607,-0.26317176,3.1881974,3.135105,3.8804662,0.40704095,3.7630332,3.9410548,2.3167634,-0.3603799,-0.22004075,0.79805356,3.335926,3.6805804
0.74751973,-0.65708816,2.5300393,0.30860278,4.0113387,2.5438473,3.037924,4.289153,3.0579846,3.3943245,2.0731568,4.2041497,3.382971,-0.23717135,1.7873721,1.3880043,1.4624676,2.470906,3.7814074,3.6940005,2.4884193,2.6888015,2.4651914,2.941407,2.7773438,3.2490697,3.7778325,1.030181,3.6628172,1.4745266,1.3327701,2.8438432,1.9013101,2.8784194,2.3980548,1.0750104,1.9876035,1.5518048,3.0312068,2.4620364,2.6815279,1.8497005,2.708694,2.4351847,1.1115017,2.4685686,2.6945457,2.312181,2.7979982,2.6747296,3.9972806,2.7764947,-0.2830613,-0.24846305,3.7402785,3.753789,2.3429625,0.43555525,3.5912526,2.9713023,2.0099547,-0.2656295,-0.066762745,0.5561485,3.624402,2.315554
1.6070215,-0.65708816,2.2950265,0.1851983,1.4308053,1.8988087,2.9061136,2.2753286,1.3269962,1.3034226,1.4941232,2.278158,1.3264334,-0.23808745,0.32517156,1.3858366,1.8398447,0.41381314,2.2371616,2.3789494,2.3066237,2.1521955,2.2676759,2.532811,2.2575161,2.2640703,2.6105418,2.5992792,2.1756191,0.50873244,0.424465,1.870644,0.74743295,2.183674,2.099961,0.3874853,0.83539027,2.09772,1.7462932,2.19355,2.0087874,0.8256674,2.153967,2.2564948,1.5411272,2.2605255,2.123621,1.5602887,1.9255027,1.6861993,2.7733595,2.4688108,-0.2960385,-0.25095868,1.9916095,1.966689,1.4648106,-0.23665097,2.358594,1.89695,2.1719875,-0.94560885,-1.2172283,0.7361215,2.3444998,2.693678
-0.7992763,-0.65708816,2.5066314,0.29919514,0.95153385,2.985514,3.3785365,0.9680885,2.6338859,3.1245077,2.3377936,0.9108833,2.7110164,-0.23707989,1.9635777,0.27409336,1.9422187,2.627488,1.1006775,1.31682,2.502854,1.8566275,2.5130439,0.8851232,1.7000033,1.5681723,0.98365587,0.40067992,1.3191861,0.7189642,0.7807859,2.5831938,1.187583,2.7936215,2.9836795,0.6715795,1.1166673,2.3103318,2.0589314,2.2805283,2.0445178,1.1652405,1.8040928,2.4867418,1.7373564,2.5864775,1.8970393,2.8026977,2.1073675,3.0162115,1.8158646,1.3673935,-0.55334383,-0.31611046,2.1686082,2.1481354,1.8415588,-0.12864822,1.4230784,1.9712203,2.300668,0.5637889,0.32669732,0.7969519,2.3568914,2.34623
-0.7445094,-0.65708816,2.212673,0.1704038,1.4957634,2.8099406,0.300345,2.3211277,1.1569315,1.1184165,0.58466226,2.3630788,1.5154616,-0.23795676,0.5128421,0.8987134,1.6240778,0.7048583,2.1767664,2.0829926,2.3871207,3.0744793,2.491669,2.6115992,2.224891,1.846589,1.9334836,0.36360243,2.007448,0.36736056,0.32140353,2.2812638,0.34956598,1.5087807,2.3648622,0.4701882,0.52839494,1.6510653,1.4920692,2.622385,2.076665,0.31044382,2.309993,2.345685,1.2217264,2.3306582,2.2689881,1.9305521,1.3398458,1.9784076,2.1247473,1.4725554,-0.42100668,-0.2852233,1.813832,1.7817645,1.5848978,-0.21600711,2.0813835,1.4198085,1.5004873,0.16320857,0.01734136,0.45589247,2.1016247,2.378632
1.2789707,-0.65708816,3.2238183,0.57854956,2.0810401,2.2461934,3.0298216,2.3729305,3.1320016,3.0457008,3.9850636,2.3991387,3.5093877,-0.23729649,1.5373868,3.4897873,2.8746817,1.6127881,2.3000584,2.9032817,3.1233807,2.5688694,3.0756538,3.0852296,2.973829,2.2336166,2.8138585,0.99508095,2.713927,0.64503574,0.54808885,2.404741,1.2314855,3.2816615,3.0066714,0.46996728,1.3666384,3.2170675,3.0785573,3.2351267,3.1341555,1.1624376,2.9206133,3.1430857,2.301936,3.0642924,2.904219,3.2506044,2.323162,2.5567694,1.706292,2.6092825,-0.25984576,-0.24224989,2.4819267,2.447627,3.4143105,-0.13550633,2.7989314,2.5664153,2.784388,-0.67611676,-0.2624824,1.9018143,2.6873999,3.0338345
-0.22656897,-0.65708816,1.0998893,-0.22928447,1.8176819,2.2256992,2.2335687,0.46445715,2.8032076,2.6992745,2.481111,0.5317213,2.030039,-0.2373701,1.4221377,3.026819,0.98810863,2.2332382,0.7846816,1.1981821,0.87290645,0.9113691,1.0330603,0.5707819,1.0706475,1.0251671,0.69310766,0.59976125,0.7059126,0.22028206,0.217784,1.9680487,0.3994011,1.5524503,0.89199287,0.25807652,0.47378805,1.6089045,1.8362486,1.055254,1.2617999,0.404335,1.0961456,0.7327397,1.1078078,0.91897124,0.8942759,2.2729037,1.7377372,2.0999775,0.4105103,1.6555111,-0.65407485,-0.34130892,1.3369584,1.7491636,2.2080617,-0.42457882,0.8256782,1.8320625,1.5790839,-0.47302645,-0.52807236,1.114167,0.64804214,0.7874388
0.9301171,-0.65708816,1.8007318,-0.031336546,1.4929116,2.3386045,2.7151706,1.592951,3.0136707,2.9012911,3.0514858,1.6244894,2.7047298,-0.23744029,1.3289342,3.4839034,1.5865667,1.604554,1.5649858,2.0509706,1.7297049,2.5265255,1.6860412,1.7726958,1.7958002,1.6772015,2.0424109,0.686646,1.8492448,0.26552027,0.26626143,2.0345542,0.5642874,1.6260937,1.5524273,0.28979182,0.5759085,1.8330617,1.7695549,1.7719661,1.6203778,0.53310007,1.7147416,1.7402095,1.4536113,1.7057946,1.718278,2.4596431,2.0557926,2.1699958,1.1758842,2.084462,-0.4634163,-0.29515976,2.0147212,1.9829684,2.5966158,-0.30628332,2.0038397,2.340734,2.4613733,-0.567161,-0.6229082,1.7881804,2.0320337,1.6464157
